Rank,School,Games,OverallWins,OverallLosses,WinPct,OverallSRS,OverallSOS,ConferenceWins,ConferenceLosses,HomeWins,HomeLosses,AwayWins,AwayLosses,ForPoints,OppPoints,Minutes,FieldGoalsMade,FieldGoalsAttempted,FieldGoalPCT,ThreePointMade,ThreePointAttempts,ThreePointPct,FreeThrowsMade,FreeThrowsAttempted,FreeThrowPCT,OffensiveRebounds,TotalRebounds,Assists,Steals,Blocks,Turnovers,PersonalFouls,Season
1,Air Force,31,10,21,0.323,-4.9,3.13,1,15,8,10,0,10,1773,1957,1240,632,1428,0.443,176,562,0.313,333,524,0.635,220,851,389,155,51,394,547,2009-2010
2,Akron,35,24,11,0.686,2.82,-1.5,12,4,13,5,7,4,2472,2293,1430,877,2024,0.433,235,694,0.339,483,735,0.657,467,1269,473,213,114,464,682,2009-2010
3,Alabama,32,17,15,0.531,10.34,6.62,6,10,11,6,3,6,2192,2073,1280,791,1794,0.441,175,500,0.35,435,615,0.707,386,1126,429,249,127,410,583,2009-2010
4,Alabama A&M,27,11,16,0.407,-20.19,-13.71,8,10,8,5,3,9,1778,1881,1085,599,1568,0.382,108,371,0.291,472,743,0.635,376,1004,288,249,143,444,550,2009-2010
5,Alabama State,31,16,15,0.516,-14.41,-12.02,12,6,9,3,6,11,1998,2043,1245,667,1651,0.404,190,587,0.324,474,739,0.641,400,1101,400,228,129,501,634,2009-2010
6,Albany (NY),32,7,25,0.219,-11.94,-5.53,2,14,4,9,3,15,2007,2212,1290,710,1736,0.409,194,585,0.332,393,545,0.721,399,1156,380,187,97,517,602,2009-2010
7,Alcorn State,31,2,29,0.065,-30.36,-9,2,16,2,8,0,18,1880,2542,1245,651,1717,0.379,135,437,0.309,443,725,0.611,356,1065,269,214,98,642,670,2009-2010
8,American,31,11,20,0.355,-11.47,-6.89,7,7,7,8,4,12,1941,2083,1265,681,1603,0.425,184,534,0.345,395,571,0.692,304,1097,447,109,81,458,590,2009-2010
9,Appalachian State,37,24,13,0.649,1.8,-2.76,13,5,14,4,8,8,2766,2567,1490,954,2006,0.476,279,703,0.397,579,785,0.738,411,1424,447,201,102,544,652,2009-2010
10,Arizona,31,16,15,0.516,7.97,8.1,10,8,11,5,4,7,2229,2233,1270,745,1681,0.443,194,542,0.358,545,744,0.733,302,1062,384,186,78,436,595,2009-2010
11,Arizona State,33,22,11,0.667,13.8,5.83,12,6,16,4,5,5,2202,1938,1320,743,1645,0.452,271,735,0.369,445,625,0.712,281,1050,461,216,80,392,542,2009-2010
12,Arkansas,32,14,18,0.438,5.87,5.09,7,9,12,8,2,7,2391,2366,1295,829,1859,0.446,201,579,0.347,532,782,0.68,351,1103,440,232,130,439,598,2009-2010
13,Arkansas State,31,17,14,0.548,-4.01,-4.39,11,7,10,5,5,8,2160,2065,1250,768,1721,0.446,172,493,0.349,452,682,0.663,367,1188,406,159,129,430,562,2009-2010
14,Arkansas-Pine Bluff,34,18,16,0.529,-8.29,-7.68,14,4,8,1,5,14,2166,2187,1380,725,1778,0.408,141,466,0.303,575,861,0.668,422,1286,421,229,121,569,764,2009-2010
15,Army,29,14,15,0.483,-9.11,-7.96,4,10,10,4,4,11,1749,1768,1165,637,1538,0.414,159,488,0.326,316,483,0.654,300,928,334,239,74,430,580,2009-2010
16,Auburn,32,15,17,0.469,5.49,4.68,6,10,12,5,1,9,2422,2373,1290,850,1913,0.444,271,819,0.331,451,689,0.655,382,1121,419,252,89,437,635,2009-2010
17,Austin Peay,32,17,15,0.531,-3.85,-1.68,11,7,11,4,5,9,2320,2317,1305,786,1727,0.455,200,547,0.366,548,790,0.694,347,1092,429,189,107,458,547,2009-2010
18,Ball State,30,15,15,0.5,-4.85,-1.48,8,8,11,6,4,8,1818,1871,1230,617,1486,0.415,113,310,0.365,471,685,0.688,314,1053,332,152,91,436,531,2009-2010
19,Baylor,36,28,8,0.778,17.97,8.03,11,5,15,1,6,4,2771,2362,1450,993,2040,0.487,255,662,0.385,530,731,0.725,443,1408,508,237,242,491,639,2009-2010
20,Belmont,31,19,12,0.613,1.3,-3.41,14,6,10,3,8,8,2266,2124,1250,763,1699,0.449,244,709,0.344,496,736,0.674,371,1150,445,222,92,513,595,2009-2010
21,Bethune-Cookman,33,17,16,0.515,-13.14,-8.4,7,9,10,4,4,11,2021,1996,1325,743,1727,0.43,134,395,0.339,401,624,0.643,392,1096,344,227,114,423,593,2009-2010
22,Binghamton,31,13,18,0.419,-10.6,-4.31,8,8,9,3,3,12,1909,2082,1250,690,1632,0.423,158,544,0.29,371,558,0.665,359,1078,299,166,122,439,530,2009-2010
23,Boise State,32,15,17,0.469,-1.11,0.68,5,11,9,7,4,9,2370,2331,1290,894,1942,0.46,192,578,0.332,390,578,0.675,371,1148,515,244,119,458,537,2009-2010
24,Boston College,31,15,16,0.484,9.58,7.21,6,10,11,6,3,7,2145,2048,1240,798,1786,0.447,159,487,0.326,390,545,0.716,401,1124,465,155,108,394,524,2009-2010
25,Boston University,35,21,14,0.6,0.57,-3.23,11,5,10,4,9,8,2528,2395,1410,833,2033,0.41,300,824,0.364,562,776,0.724,397,1296,398,257,114,475,744,2009-2010
26,Bowling Green State,30,14,16,0.467,-4.7,-0.94,6,10,9,5,5,11,1889,1976,1205,695,1564,0.444,130,399,0.326,369,551,0.67,327,1011,393,204,99,420,494,2009-2010
27,Bradley,31,16,15,0.516,3.74,4.11,9,9,10,5,4,8,2091,2089,1250,721,1641,0.439,187,525,0.356,462,621,0.744,283,1021,370,195,85,373,518,2009-2010
28,Brigham Young,36,30,6,0.833,18.82,3,13,3,15,1,10,4,2992,2392,1450,1025,2120,0.483,292,700,0.417,650,823,0.79,367,1332,567,307,126,417,621,2009-2010
29,Brown,31,11,20,0.355,-10.68,-3.82,5,9,4,9,6,10,2073,2231,1250,710,1610,0.441,212,611,0.347,441,602,0.733,225,990,417,121,118,402,436,2009-2010
30,Bryant,30,1,29,0.033,NA,NA,1,17,0,11,1,16,1556,2085,1205,563,1510,0.373,159,557,0.285,271,406,0.667,243,895,327,178,110,489,605,2009-2010
31,Bucknell,31,14,17,0.452,-7.94,-6.84,9,5,8,5,5,11,2077,2107,1260,717,1749,0.41,200,607,0.329,443,607,0.73,335,1048,370,152,113,359,553,2009-2010
32,Buffalo,30,18,12,0.6,-2.03,-2.27,9,7,9,4,8,6,2170,2135,1210,755,1742,0.433,207,597,0.347,453,632,0.717,379,1066,454,227,100,422,570,2009-2010
33,Butler,38,33,5,0.868,14.37,5.08,18,0,15,0,12,1,2611,2258,1525,845,1911,0.442,260,761,0.342,661,896,0.738,353,1241,464,267,86,456,685,2009-2010
34,Cal Poly,31,12,19,0.387,-7.99,-2.31,7,9,6,6,5,12,2176,2335,1255,738,1770,0.417,206,616,0.334,494,678,0.729,384,1100,364,171,73,417,683,2009-2010
35,Cal State Bakersfield,29,7,22,0.241,NA,NA,NA,NA,5,6,2,15,1907,2163,1170,636,1638,0.388,146,470,0.311,489,712,0.687,408,1048,263,181,83,438,543,2009-2010
36,Cal State Fullerton,31,16,15,0.516,-2.87,-1.55,8,8,8,5,7,6,2303,2263,1285,790,1754,0.45,209,598,0.349,514,720,0.714,323,1141,421,175,98,453,613,2009-2010
37,Cal State Northridge,32,11,21,0.344,-5.81,-1.06,6,10,7,6,2,13,2282,2412,1295,751,1789,0.42,156,500,0.312,624,933,0.669,431,1214,358,239,99,561,740,2009-2010
38,California,35,24,11,0.686,17.29,8.26,13,5,15,1,6,6,2703,2387,1405,966,2028,0.476,228,609,0.374,543,717,0.757,395,1241,500,198,86,421,593,2009-2010
39,Campbell,30,19,11,0.633,-3.13,-4.96,14,6,12,3,7,7,2057,1900,1200,702,1578,0.445,144,411,0.35,509,719,0.708,353,978,430,314,64,429,563,2009-2010
40,Canisius,32,15,17,0.469,-5.19,-4.09,8,10,7,5,5,10,2125,2160,1306,744,1806,0.412,210,667,0.315,427,609,0.701,404,1199,403,193,112,471,585,2009-2010
41,Centenary (LA),29,8,21,0.276,-17.16,-5.08,3,15,5,9,3,11,2056,2320,1175,684,1645,0.416,227,644,0.352,461,629,0.733,274,874,383,231,65,442,617,2009-2010
42,Central Arkansas,30,9,21,0.3,NA,NA,3,13,2,8,2,12,1897,2009,1205,641,1560,0.411,161,517,0.311,454,712,0.638,339,1013,296,195,101,420,520,2009-2010
43,Central Connecticut State,30,12,18,0.4,-14.68,-9.68,9,9,8,4,3,13,1834,1935,1215,645,1599,0.403,152,487,0.312,392,547,0.717,330,974,329,200,90,402,454,2009-2010
44,Central Michigan,30,15,15,0.5,-3.58,-3.58,9,7,10,3,5,11,1937,1924,1200,651,1588,0.41,229,615,0.372,406,611,0.664,371,1005,321,246,85,427,654,2009-2010
45,Charleston Southern,30,13,17,0.433,-13.25,-8.12,7,11,11,3,2,14,2062,2030,1220,767,1789,0.429,197,558,0.353,331,500,0.662,407,1100,331,269,121,444,535,2009-2010
46,Charlotte,31,19,12,0.613,3.96,3,9,7,10,5,7,7,2276,2205,1250,756,1807,0.418,201,646,0.311,563,768,0.733,413,1227,409,183,126,413,564,2009-2010
47,Chattanooga,33,15,18,0.455,-8.56,-3.68,6,12,11,5,2,11,2305,2379,1320,823,1889,0.436,269,809,0.333,390,631,0.618,383,1238,483,199,82,538,626,2009-2010
48,Chicago State,32,9,23,0.281,-21.8,-7.61,4,8,7,5,0,17,2010,2287,1285,701,1833,0.382,139,513,0.271,469,709,0.661,453,1169,321,222,69,511,640,2009-2010
49,Cincinnati,35,19,16,0.543,9.98,8.45,7,11,13,5,2,9,2408,2327,1420,890,2081,0.428,200,687,0.291,428,671,0.638,489,1374,482,199,107,458,642,2009-2010
50,Clemson,32,21,11,0.656,15.71,7.9,9,7,14,2,5,6,2350,2065,1280,851,1878,0.453,216,631,0.342,432,654,0.661,420,1178,453,301,151,480,564,2009-2010
51,Cleveland State,33,16,17,0.485,0.57,2.12,10,8,13,5,3,9,2283,2254,1320,796,1802,0.442,214,614,0.349,477,637,0.749,320,975,431,293,61,405,711,2009-2010
52,Coastal Carolina,35,28,7,0.8,-0.78,-10.14,15,3,17,2,9,4,2584,2103,1400,966,2022,0.478,184,512,0.359,468,740,0.632,465,1375,541,265,156,452,566,2009-2010
53,Colgate,29,10,19,0.345,-11.34,-6.52,6,8,7,6,3,11,1955,2069,1180,693,1596,0.434,192,519,0.37,377,550,0.685,320,996,384,181,59,434,540,2009-2010
54,College of Charleston,34,22,12,0.647,-0.81,-2.46,14,4,12,1,8,9,2549,2493,1365,950,2073,0.458,326,879,0.371,323,435,0.743,301,1078,445,199,162,382,574,2009-2010
55,Colorado,31,15,16,0.484,7.01,7.7,6,10,13,3,1,10,2313,2299,1250,773,1634,0.473,206,531,0.388,561,732,0.766,228,884,443,256,70,409,659,2009-2010
56,Colorado State,32,16,16,0.5,1.35,3.61,7,9,11,4,3,11,2120,2134,1290,704,1637,0.43,177,502,0.353,535,791,0.676,354,1105,340,231,78,485,658,2009-2010
57,Columbia,28,11,17,0.393,-11.75,-6.04,5,9,7,6,4,11,1686,1828,1120,590,1452,0.406,135,359,0.376,371,553,0.671,303,925,279,208,52,401,552,2009-2010
58,Connecticut,34,18,16,0.529,12.5,9.15,7,11,15,4,2,9,2380,2266,1360,842,1877,0.449,125,403,0.31,571,829,0.689,460,1338,461,220,260,506,538,2009-2010
59,Coppin State,30,8,22,0.267,-14.89,-6.81,3,13,7,6,1,15,1833,2029,1210,654,1680,0.389,148,467,0.317,377,511,0.738,337,1003,304,185,63,419,561,2009-2010
60,Cornell,34,29,5,0.853,8.76,-0.91,13,1,11,1,13,3,2596,2192,1370,913,1894,0.482,326,759,0.43,393,538,0.73,349,1149,543,243,122,414,598,2009-2010
61,Creighton,34,18,16,0.529,3.59,3.15,10,8,15,2,3,10,2374,2320,1370,812,1870,0.434,251,746,0.336,499,693,0.72,357,1194,465,174,111,414,621,2009-2010
62,Dartmouth,28,5,23,0.179,-18.46,-5.46,1,13,5,10,0,13,1513,1835,1120,574,1506,0.381,102,347,0.294,263,401,0.656,286,862,285,178,64,376,512,2009-2010
63,Davidson,31,16,15,0.516,-2.26,-1.26,11,7,10,4,5,5,2240,2200,1260,759,1775,0.428,279,765,0.365,405,598,0.677,371,1148,474,141,112,421,603,2009-2010
64,Dayton,37,25,12,0.676,13.25,5.61,8,8,16,2,6,7,2599,2305,1495,909,2050,0.443,256,744,0.344,525,789,0.665,439,1432,544,237,128,536,729,2009-2010
65,Delaware,31,7,24,0.226,-7.86,1.37,3,15,5,10,2,13,1965,2251,1270,685,1751,0.391,174,594,0.293,421,602,0.699,400,1078,361,156,73,411,649,2009-2010
66,Delaware State,29,17,12,0.586,-9.08,-7.6,11,5,12,3,4,8,1697,1691,1170,607,1485,0.409,145,444,0.327,338,499,0.677,328,809,300,239,71,332,440,2009-2010
67,Denver,32,19,13,0.594,-2.76,-4.89,10,8,15,1,2,11,2079,2012,1280,689,1406,0.49,251,635,0.395,450,630,0.714,156,768,465,181,97,378,697,2009-2010
68,DePaul,31,8,23,0.258,1.61,7.58,1,17,6,9,0,11,1891,2073,1260,704,1771,0.398,175,558,0.314,308,529,0.582,372,1036,366,236,97,338,570,2009-2010
69,Detroit Mercy,34,20,14,0.588,1.35,-1.59,9,9,11,5,6,8,2360,2234,1370,829,1805,0.459,146,438,0.333,556,849,0.655,401,1225,464,255,133,530,631,2009-2010
70,Drake,33,14,19,0.424,0.54,3.34,7,11,8,8,4,8,2197,2259,1325,738,1694,0.436,284,746,0.381,437,577,0.757,221,939,386,182,67,332,551,2009-2010
71,Drexel,32,16,16,0.5,-0.03,0.19,11,7,10,4,6,11,2044,2051,1285,732,1802,0.406,153,490,0.312,427,650,0.657,407,1152,397,190,113,387,665,2009-2010
72,Duke,40,35,5,0.875,25.21,9.21,13,3,17,0,5,5,3079,2441,1600,1049,2375,0.442,301,782,0.385,682,899,0.759,569,1560,555,266,162,429,722,2009-2010
73,Duquesne,32,16,16,0.5,0.79,1.95,7,9,11,3,3,12,2251,2284,1325,819,1920,0.427,172,659,0.261,441,730,0.604,417,1195,441,259,138,457,602,2009-2010
74,East Carolina,31,10,21,0.323,-5.91,4.42,4,12,5,9,4,8,2082,2323,1245,717,1641,0.437,168,515,0.326,480,685,0.701,348,1103,367,199,106,518,546,2009-2010
75,East Tennessee State,35,20,15,0.571,-0.83,-1.47,13,7,9,5,9,9,2424,2362,1405,855,1978,0.432,177,575,0.308,537,815,0.659,445,1277,382,293,112,519,673,2009-2010
76,Eastern Illinois,31,19,12,0.613,-5,-5,11,7,12,4,7,7,2112,2023,1260,780,1690,0.462,129,344,0.375,423,587,0.721,349,1084,465,192,104,420,519,2009-2010
77,Eastern Kentucky,33,20,13,0.606,-2.07,-5.16,11,7,15,3,4,10,2351,2208,1320,846,1790,0.473,327,823,0.397,332,460,0.722,243,886,514,234,76,319,544,2009-2010
78,Eastern Michigan,32,17,15,0.531,-3.46,-3.59,8,8,11,4,5,9,2124,2096,1290,713,1711,0.417,201,659,0.305,497,755,0.658,370,1126,399,216,92,435,569,2009-2010
79,Eastern Washington,30,9,21,0.3,-11.91,-1.91,5,11,7,6,2,13,2065,2288,1210,723,1739,0.416,206,581,0.355,413,579,0.713,303,1021,408,186,74,452,626,2009-2010
80,Elon,32,9,23,0.281,-10.4,-3.04,5,13,4,7,4,12,2141,2335,1290,760,1837,0.414,229,716,0.32,392,605,0.648,329,1060,401,192,64,422,599,2009-2010
81,Evansville,30,9,21,0.3,-4.61,1.82,3,15,7,9,2,11,1944,2068,1215,668,1550,0.431,138,389,0.355,470,652,0.721,286,1001,423,153,50,431,642,2009-2010
82,Fairfield,34,23,11,0.676,0.4,-3.33,13,5,12,2,9,9,2414,2287,1380,860,1996,0.431,207,618,0.335,487,699,0.697,455,1243,473,253,174,452,627,2009-2010
83,FDU,32,11,21,0.344,-15.56,-6.42,10,8,7,7,4,12,2027,2279,1285,701,1678,0.418,144,447,0.322,481,743,0.647,319,1128,361,176,127,497,610,2009-2010
84,Florida,34,21,13,0.618,11.89,7.16,9,7,13,4,5,5,2455,2258,1375,890,2006,0.444,203,648,0.313,472,671,0.703,455,1265,479,243,94,423,501,2009-2010
85,Florida A&M,31,9,22,0.29,-18.8,-6.41,5,11,6,6,3,13,1965,2270,1245,683,1681,0.406,172,558,0.308,427,667,0.64,358,1042,312,178,82,485,591,2009-2010
86,Florida Atlantic,30,14,16,0.467,-4.48,-3.3,10,8,9,4,5,10,2202,2205,1225,779,1824,0.427,220,577,0.381,424,626,0.677,366,1061,431,172,137,370,632,2009-2010
87,Florida Gulf Coast,29,8,21,0.276,NA,NA,5,15,5,7,1,13,1875,2082,1165,679,1609,0.422,124,409,0.303,393,606,0.649,395,1035,403,232,102,494,628,2009-2010
88,Florida International,32,7,25,0.219,-12.81,-2.74,4,14,4,9,3,15,2176,2469,1290,782,1882,0.416,176,609,0.289,436,624,0.699,384,1053,395,254,60,435,623,2009-2010
89,Florida State,32,22,10,0.688,14.64,6.79,10,6,13,3,6,5,2183,1932,1285,783,1734,0.452,186,557,0.334,431,669,0.644,406,1211,446,267,200,528,575,2009-2010
90,Fordham,28,2,26,0.071,-13.18,2.08,0,16,2,10,0,15,1793,2220,1120,645,1698,0.38,134,482,0.278,369,544,0.678,360,1046,273,157,115,436,556,2009-2010
91,Fresno State,33,15,18,0.455,0.14,1.31,7,9,12,6,3,11,2188,2207,1320,750,1763,0.425,215,675,0.319,473,698,0.678,343,1104,466,261,143,462,555,2009-2010
92,Furman,30,13,17,0.433,-7.01,-4.83,7,11,8,6,4,9,2052,2059,1205,676,1620,0.417,195,554,0.352,505,706,0.715,326,1074,347,148,154,433,631,2009-2010
93,Gardner-Webb,29,8,21,0.276,-20.32,-5.61,5,13,5,10,3,11,2005,2257,1175,739,1749,0.423,198,592,0.334,329,512,0.643,352,1044,414,201,73,525,588,2009-2010
94,George Mason,32,17,15,0.531,-0.44,0.06,12,6,11,5,5,8,2145,2161,1290,759,1729,0.439,165,481,0.343,462,720,0.642,365,1111,379,210,128,438,557,2009-2010
95,George Washington,31,16,15,0.516,3.12,0.96,6,10,8,7,7,8,2180,2113,1250,783,1800,0.435,154,467,0.33,460,705,0.652,431,1197,398,244,109,443,647,2009-2010
96,Georgetown,34,23,11,0.676,17.03,9.56,10,8,12,4,6,5,2500,2246,1360,905,1815,0.499,212,548,0.387,478,672,0.711,333,1132,524,237,161,473,579,2009-2010
97,Georgia,31,14,17,0.452,7.33,8.04,5,11,12,4,0,12,2128,2150,1245,759,1664,0.456,150,410,0.366,460,641,0.718,385,1117,425,187,145,471,503,2009-2010
98,Georgia Southern,32,9,23,0.281,-12.57,-1.67,6,12,8,6,1,16,2260,2529,1290,791,1849,0.428,231,611,0.378,447,665,0.672,368,985,444,259,106,512,693,2009-2010
99,Georgia State,32,12,20,0.375,-3.74,-1.48,5,13,9,5,1,12,1993,2039,1295,740,1770,0.418,135,428,0.315,378,551,0.686,423,1082,356,231,106,432,599,2009-2010
100,Georgia Tech,36,23,13,0.639,14.11,9.02,7,9,14,2,3,8,2621,2365,1445,948,2064,0.459,213,587,0.363,512,779,0.657,464,1430,508,288,190,574,670,2009-2010
101,Gonzaga,34,27,7,0.794,12.11,3.83,12,2,14,1,6,3,2614,2291,1375,912,1856,0.491,182,516,0.353,608,916,0.664,358,1286,456,227,142,444,614,2009-2010
102,Grambling,28,7,21,0.25,-23.05,-12.75,4,14,4,7,2,13,1784,2048,1135,613,1551,0.395,166,479,0.347,392,570,0.688,299,930,315,210,73,438,624,2009-2010
103,Green Bay,35,22,13,0.629,0.33,0.75,11,7,11,4,9,7,2397,2341,1420,832,1905,0.437,234,622,0.376,499,680,0.734,390,1142,410,213,89,434,649,2009-2010
104,Hampton,32,14,18,0.438,-6.75,-8.36,8,8,6,6,6,9,2102,2050,1280,725,1708,0.424,164,549,0.299,488,720,0.678,368,1106,385,278,127,496,591,2009-2010
105,Hartford,30,8,22,0.267,-13.77,-6.04,6,10,5,8,3,13,1868,2100,1205,668,1678,0.398,233,678,0.344,299,468,0.639,297,932,340,181,80,349,659,2009-2010
106,Harvard,29,21,8,0.724,1.59,-3.91,10,4,11,2,10,6,2145,1928,1180,723,1510,0.479,185,512,0.361,514,672,0.765,272,970,446,228,136,446,540,2009-2010
107,Hawaii,30,10,20,0.333,-4.91,0.33,3,13,10,11,0,9,2044,2187,1200,707,1640,0.431,150,479,0.313,480,727,0.66,402,1075,415,133,61,429,543,2009-2010
108,High Point,30,15,15,0.5,-14.63,-9.3,10,8,12,1,3,14,2169,2203,1205,771,1787,0.431,196,551,0.356,431,627,0.687,390,1063,385,205,127,471,648,2009-2010
109,Hofstra,34,19,15,0.559,1.65,-0.02,10,8,11,6,6,7,2406,2320,1375,859,2102,0.409,184,565,0.326,482,664,0.726,503,1382,466,254,219,469,731,2009-2010
110,Holy Cross,31,9,22,0.29,-8.03,-5.57,5,9,5,7,3,14,2147,2223,1250,761,1707,0.446,161,423,0.381,464,662,0.701,381,1136,409,134,89,447,551,2009-2010
111,Houston,35,19,16,0.543,6.74,3.48,7,9,10,5,4,9,2751,2624,1410,958,2282,0.42,290,814,0.356,545,768,0.71,440,1185,435,329,103,315,652,2009-2010
112,Houston Christian,33,12,21,0.364,NA,NA,9,3,5,7,3,11,2347,2604,1330,801,1926,0.416,135,475,0.284,610,839,0.727,450,1294,409,237,121,606,683,2009-2010
113,Howard,32,7,25,0.219,-19.49,-7.27,6,10,4,5,2,15,1868,2251,1290,639,1704,0.375,178,599,0.297,412,696,0.592,388,1092,308,140,69,473,537,2009-2010
114,Idaho,31,15,16,0.484,-0.19,0.48,6,10,8,6,6,10,2206,2188,1245,791,1703,0.464,194,515,0.377,430,651,0.661,335,1074,459,185,95,432,554,2009-2010
115,Idaho State,29,7,22,0.241,-10.29,0.13,4,12,6,6,1,16,1927,2176,1185,705,1555,0.453,135,389,0.347,382,551,0.693,332,926,324,166,80,382,516,2009-2010
116,Illinois,36,21,15,0.583,11.58,9.58,10,8,13,5,7,4,2547,2406,1460,957,2127,0.45,219,645,0.34,414,581,0.713,396,1337,570,202,144,443,611,2009-2010
117,Illinois State,33,22,11,0.667,5.73,1.16,11,7,15,2,6,8,2283,2115,1325,794,1776,0.447,193,590,0.327,502,717,0.7,383,1173,433,240,114,429,556,2009-2010
118,Illinois-Chicago,30,8,22,0.267,-7.58,0.94,3,15,7,7,1,15,1876,2110,1200,654,1691,0.387,175,578,0.303,393,549,0.716,313,982,315,211,74,383,569,2009-2010
119,Indiana,31,10,21,0.323,0.76,9.37,4,14,8,9,1,8,2053,2215,1250,703,1687,0.417,160,469,0.341,487,705,0.691,395,1090,375,211,107,486,636,2009-2010
120,Indiana State,32,17,15,0.531,1.11,2.4,9,9,11,3,5,10,2113,2123,1300,708,1681,0.421,221,630,0.351,476,619,0.769,290,1067,335,177,120,401,590,2009-2010
121,Iona,31,21,10,0.677,2.31,-1.85,12,6,11,3,8,4,2050,1921,1245,700,1667,0.42,227,619,0.367,423,621,0.681,322,1041,421,246,90,420,614,2009-2010
122,Iowa,32,10,22,0.313,2.12,8.09,4,14,9,9,1,10,1937,2112,1285,675,1629,0.414,239,753,0.317,348,503,0.692,317,1023,394,134,64,440,507,2009-2010
123,Iowa State,32,15,17,0.469,9.6,8.37,4,12,11,7,3,7,2323,2254,1300,830,1873,0.443,209,561,0.373,454,691,0.657,388,1227,455,170,156,443,504,2009-2010
124,IU Indy,36,25,11,0.694,1.63,-4.08,15,3,11,3,10,5,2681,2420,1465,953,1891,0.504,204,525,0.389,571,799,0.715,359,1199,538,317,167,513,573,2009-2010
125,Jackson State,32,19,13,0.594,-13.21,-10.66,17,1,9,3,9,8,2028,2089,1290,682,1725,0.395,177,540,0.328,487,755,0.645,413,1214,359,190,119,469,659,2009-2010
126,Jacksonville,33,20,13,0.606,-1.71,-2.3,14,6,8,3,10,10,2304,2228,1320,803,1915,0.419,176,529,0.333,522,739,0.706,480,1230,393,279,137,481,654,2009-2010
127,Jacksonville State,30,11,19,0.367,-8.18,-4.22,7,11,10,7,1,12,2088,2144,1205,727,1670,0.435,181,497,0.364,453,619,0.732,328,1026,455,202,142,415,560,2009-2010
128,James Madison,33,13,20,0.394,-4.96,-1.52,4,14,9,5,2,13,2210,2307,1320,796,1810,0.44,189,605,0.312,429,628,0.683,353,1149,462,204,140,477,532,2009-2010
129,Kansas,36,33,3,0.917,24.68,8.25,15,1,18,0,9,2,2937,2312,1450,1033,2111,0.489,262,648,0.404,609,871,0.699,468,1457,609,301,232,470,658,2009-2010
130,Kansas City,30,12,18,0.4,-13.88,-4.75,6,12,7,7,5,10,2002,2106,1200,685,1629,0.421,174,515,0.338,458,654,0.7,307,931,345,179,51,383,624,2009-2010
131,Kansas State,37,29,8,0.784,19.88,10.28,11,5,13,3,7,2,2949,2584,1500,981,2182,0.45,253,703,0.36,734,1098,0.668,559,1437,541,274,187,529,828,2009-2010
132,Kennesaw State,33,13,20,0.394,-10.08,-3.69,7,13,8,6,3,12,2182,2314,1330,784,1924,0.407,235,715,0.329,379,557,0.68,450,1166,417,218,121,480,529,2009-2010
133,Kent State,34,24,10,0.706,5.28,0.74,13,3,14,2,9,6,2382,2213,1370,839,1942,0.432,189,599,0.316,515,766,0.672,410,1207,437,285,91,407,631,2009-2010
134,Kentucky,38,35,3,0.921,21.13,6.82,14,2,18,0,7,2,3012,2468,1535,1066,2228,0.478,231,697,0.331,649,971,0.668,538,1584,573,279,273,538,641,2009-2010
135,La Salle,30,12,18,0.4,-0.28,2.46,4,12,6,7,4,8,2111,2193,1200,756,1718,0.44,164,487,0.337,435,652,0.667,420,1167,415,187,140,471,517,2009-2010
136,Lafayette,32,19,13,0.594,-7.96,-8.99,8,6,13,3,6,10,2320,2287,1285,775,1710,0.453,258,691,0.373,512,670,0.764,274,991,482,235,91,422,552,2009-2010
137,Lamar,32,14,18,0.438,-11.11,-4.22,5,11,13,5,1,13,2200,2288,1285,755,1782,0.424,122,453,0.269,568,839,0.677,449,1257,439,202,115,510,609,2009-2010
138,Lehigh,33,22,11,0.667,-3.33,-7.79,10,4,15,2,7,8,2478,2331,1330,842,1853,0.454,220,551,0.399,574,799,0.718,339,1201,495,203,85,429,589,2009-2010
139,Liberty,31,15,16,0.484,-13.22,-7.25,10,8,8,6,5,9,2093,2114,1240,727,1656,0.439,171,510,0.335,468,669,0.7,333,1141,383,205,91,483,567,2009-2010
140,Lipscomb,30,17,13,0.567,-2.07,-3.07,14,6,9,5,8,7,2373,2255,1210,826,1778,0.465,243,667,0.364,478,678,0.705,385,1105,519,201,76,439,520,2009-2010
141,Little Rock,30,8,22,0.267,-10.06,-2.23,4,14,8,6,0,14,2028,2194,1210,670,1576,0.425,185,501,0.369,503,720,0.699,296,1019,363,141,81,402,597,2009-2010
142,Long Beach State,33,17,16,0.515,-0.42,1.55,8,8,8,3,6,10,2344,2347,1335,828,1912,0.433,202,613,0.33,486,745,0.652,395,1176,440,256,89,473,591,2009-2010
143,Long Island University,31,14,17,0.452,-11.56,-8.25,11,7,10,3,4,13,2162,2225,1265,721,1802,0.4,230,661,0.348,490,709,0.691,426,1210,335,180,122,437,551,2009-2010
144,Longwood,31,12,19,0.387,-14.69,-3.74,NA,NA,9,3,3,14,2297,2437,1240,859,1963,0.438,217,632,0.343,362,554,0.653,388,1091,524,221,69,475,652,2009-2010
145,Louisiana,30,13,17,0.433,-4.74,-4.74,10,8,10,4,3,12,2043,2025,1200,743,1657,0.448,168,521,0.322,389,572,0.68,311,958,351,207,133,391,610,2009-2010
146,Louisiana State,31,11,20,0.355,0.97,5.93,2,14,11,7,0,9,1905,2059,1245,690,1727,0.4,141,491,0.287,384,552,0.696,394,1114,354,189,116,397,547,2009-2010
147,Louisiana Tech,35,24,11,0.686,2.89,-0.4,9,7,12,2,9,8,2557,2442,1410,917,2034,0.451,202,598,0.338,521,760,0.686,441,1294,417,235,116,462,562,2009-2010
148,Louisiana-Monroe,31,12,19,0.387,-10.75,-5.3,6,12,8,6,3,12,2108,2224,1240,683,1621,0.421,194,550,0.353,548,757,0.724,370,1039,298,216,91,503,627,2009-2010
149,Louisville,33,20,13,0.606,14.08,7.99,11,7,15,4,4,7,2505,2304,1335,876,1960,0.447,262,777,0.337,491,700,0.701,478,1217,511,258,135,453,663,2009-2010
150,Loyola (IL),30,14,16,0.467,-4.85,0.56,5,13,9,6,5,10,1945,2017,1205,673,1598,0.421,194,537,0.361,405,589,0.688,364,1072,393,149,98,415,523,2009-2010
151,Loyola (MD),30,13,17,0.433,-5.23,-4.09,6,12,6,7,7,9,1949,1983,1205,673,1601,0.42,164,459,0.357,439,628,0.699,353,1053,343,193,132,450,606,2009-2010
152,Loyola Marymount,34,18,16,0.529,-1.47,1.32,7,7,9,6,6,8,2578,2581,1370,910,1998,0.455,201,534,0.376,557,807,0.69,416,1210,472,255,141,441,655,2009-2010
153,Maine,30,19,11,0.633,-6.53,-6.26,11,5,9,3,10,7,1931,1864,1205,650,1596,0.407,196,582,0.337,435,634,0.686,337,1089,397,219,97,431,471,2009-2010
154,Manhattan,31,11,20,0.355,-4.68,-2.97,4,14,6,8,4,12,2031,2084,1246,727,1797,0.405,133,433,0.307,444,649,0.684,364,1089,307,240,114,361,603,2009-2010
155,Marist,30,1,29,0.033,-17.21,-2.85,1,17,1,12,0,16,1684,2115,1205,600,1546,0.388,204,581,0.351,280,439,0.638,268,904,296,156,38,424,553,2009-2010
156,Marquette,34,22,12,0.647,15.17,8.23,11,7,13,4,6,5,2485,2198,1380,861,1890,0.456,274,664,0.413,489,660,0.741,343,1071,516,269,72,353,580,2009-2010
157,Marshall,34,24,10,0.706,7.8,1.57,11,5,15,4,8,5,2717,2347,1375,949,1985,0.478,222,591,0.376,597,873,0.684,412,1327,549,216,268,432,613,2009-2010
158,Maryland,33,24,9,0.727,17.75,7.95,13,3,15,1,7,3,2629,2254,1335,966,2052,0.471,195,510,0.382,502,689,0.729,421,1270,545,256,154,383,554,2009-2010
159,Maryland-Baltimore County,30,4,26,0.133,-16.92,-6.19,3,13,0,13,4,12,1893,2215,1210,684,1656,0.413,150,464,0.323,375,544,0.689,251,918,332,179,90,341,564,2009-2010
160,Maryland-Eastern Shore,32,11,21,0.344,-16.18,-7.38,8,8,6,6,4,12,1945,2216,1285,691,1722,0.401,161,528,0.305,402,624,0.644,398,1159,359,173,67,485,595,2009-2010
161,Massachusetts,32,12,20,0.375,-1.76,3.4,5,11,7,6,3,11,2262,2396,1290,795,1976,0.402,227,754,0.301,445,670,0.664,468,1287,380,176,124,446,652,2009-2010
162,McNeese State,30,10,20,0.333,-11.82,-4.34,5,11,7,5,3,13,2032,2106,1200,755,1743,0.433,183,525,0.349,339,528,0.642,407,1048,356,221,108,430,607,2009-2010
163,Memphis,34,24,10,0.706,11.74,3.65,13,3,17,3,6,4,2565,2233,1360,854,1859,0.459,284,732,0.388,573,826,0.694,358,1103,468,276,182,390,643,2009-2010
164,Mercer,33,16,17,0.485,-5.05,-1.2,10,10,10,6,4,11,2514,2478,1325,836,1866,0.448,274,785,0.349,568,808,0.703,402,1227,446,199,85,488,617,2009-2010
165,Miami (FL),33,20,13,0.606,11.35,7.01,4,12,12,4,2,8,2390,2136,1320,843,1820,0.463,245,670,0.366,459,677,0.678,385,1186,461,229,146,464,573,2009-2010
166,Miami (OH),32,14,18,0.438,0.56,1.43,9,7,10,3,2,13,1996,2024,1295,682,1568,0.435,205,590,0.347,427,587,0.727,278,1017,333,159,120,411,582,2009-2010
167,Michigan,32,15,17,0.469,10.04,9.37,7,11,10,6,3,8,2059,1970,1290,732,1758,0.416,227,760,0.299,368,509,0.723,320,990,456,223,68,326,468,2009-2010
168,Michigan State,37,28,9,0.757,15.33,8.17,14,4,15,2,8,4,2658,2361,1485,974,2068,0.471,187,543,0.344,523,764,0.685,487,1426,606,242,123,514,666,2009-2010
169,Middle Tennessee,33,19,14,0.576,-1.99,-3.33,13,5,12,4,7,8,2282,2135,1320,792,1780,0.445,201,530,0.379,497,675,0.736,336,1097,365,199,82,436,696,2009-2010
170,Milwaukee,34,20,14,0.588,1.23,0.52,10,8,10,4,7,8,2370,2314,1370,789,1834,0.43,250,747,0.335,542,791,0.685,379,1241,423,190,79,465,629,2009-2010
171,Minnesota,35,21,14,0.6,15.64,7.32,9,9,14,3,3,7,2533,2242,1415,912,1949,0.468,246,617,0.399,463,661,0.7,375,1237,583,273,199,427,579,2009-2010
172,Mississippi,35,24,11,0.686,13.46,5.77,9,7,15,4,6,4,2743,2474,1420,986,2185,0.451,286,796,0.359,485,731,0.663,460,1377,486,259,184,424,660,2009-2010
173,Mississippi State,36,24,12,0.667,12.55,4.6,9,7,13,4,5,6,2622,2336,1455,897,2065,0.434,329,918,0.358,499,728,0.685,379,1406,462,209,271,443,508,2009-2010
174,Mississippi Valley State,32,9,23,0.281,-19.69,-9.88,8,10,6,3,3,15,2057,2315,1290,723,1766,0.409,203,633,0.321,408,642,0.636,365,1116,390,251,82,552,666,2009-2010
175,Missouri,34,23,11,0.676,17.39,6.36,10,6,16,2,4,6,2627,2252,1370,926,2104,0.44,258,701,0.368,517,714,0.724,441,1200,522,371,160,432,656,2009-2010
176,Missouri State,36,24,12,0.667,7.57,1.4,8,10,19,2,4,9,2572,2350,1455,895,1993,0.449,252,688,0.366,530,724,0.732,398,1247,505,209,110,407,667,2009-2010
177,Monmouth,31,12,19,0.387,-11.2,-7.82,8,10,8,6,4,11,1976,2065,1240,682,1689,0.404,196,630,0.311,416,607,0.685,341,1038,405,226,69,447,565,2009-2010
178,Montana,32,22,10,0.688,3.93,-2.35,10,6,14,2,7,7,2228,1960,1280,791,1636,0.483,210,526,0.399,436,603,0.723,283,1048,396,206,106,390,571,2009-2010
179,Montana State,29,15,14,0.517,-3.18,-2.45,10,6,9,5,6,9,1992,1962,1200,689,1548,0.445,212,585,0.362,402,584,0.688,266,912,365,180,89,331,516,2009-2010
180,Morehead State,35,24,11,0.686,3.51,-3.07,15,3,15,2,7,7,2505,2216,1410,880,1963,0.448,258,672,0.384,487,710,0.686,491,1301,502,314,118,521,691,2009-2010
181,Morgan State,37,27,10,0.73,-1.18,-6.15,15,1,11,1,12,7,2813,2606,1500,960,2239,0.429,205,617,0.332,688,983,0.7,568,1488,461,243,152,499,782,2009-2010
182,Mount St. Mary's,31,16,15,0.516,-4.38,-6.28,12,6,10,3,6,12,2045,1959,1250,714,1692,0.422,183,523,0.35,434,681,0.637,341,1082,352,235,143,415,543,2009-2010
183,Murray State,36,31,5,0.861,8.69,-3.89,17,1,15,0,11,4,2753,2175,1440,978,1961,0.499,226,599,0.377,571,821,0.695,439,1319,556,347,196,527,618,2009-2010
184,Navy,30,13,17,0.433,-12.01,-7.91,7,7,10,4,3,12,2138,2261,1215,709,1736,0.408,246,704,0.349,474,665,0.713,311,993,394,209,83,443,650,2009-2010
185,NC State,36,20,16,0.556,8.47,7.3,5,11,10,7,5,8,2398,2322,1445,857,1975,0.434,193,580,0.333,491,723,0.679,411,1257,483,234,154,472,653,2009-2010
186,Nebraska,33,15,18,0.455,6.6,6.66,2,14,12,6,1,10,2194,2169,1330,768,1745,0.44,217,547,0.397,441,654,0.674,320,1069,471,223,94,416,626,2009-2010
187,Nevada,34,21,13,0.618,6.5,2.56,11,5,15,1,5,10,2703,2551,1370,983,2040,0.482,222,613,0.362,515,704,0.732,374,1263,480,173,149,405,591,2009-2010
188,Nevada-Las Vegas,34,25,9,0.735,12.57,4.82,11,5,15,4,9,3,2485,2168,1370,899,1950,0.461,231,695,0.332,456,637,0.716,337,1149,551,266,117,395,691,2009-2010
189,New Hampshire,30,13,17,0.433,-9.54,-6.29,6,10,9,4,3,12,1825,1873,1210,611,1628,0.375,182,613,0.297,421,653,0.645,383,1084,312,142,70,395,601,2009-2010
190,New Mexico,35,30,5,0.857,12.49,3.84,14,2,17,1,10,2,2655,2352,1410,887,2023,0.438,273,739,0.369,608,909,0.669,458,1347,497,232,120,387,615,2009-2010
191,New Mexico State,34,22,12,0.647,2.06,1.66,11,5,12,3,7,8,2662,2639,1360,919,1997,0.46,287,774,0.371,537,767,0.7,358,1212,484,203,111,437,595,2009-2010
192,New Orleans,30,8,22,0.267,-13.5,-4.5,3,15,6,7,2,11,1778,1986,1205,593,1471,0.403,168,497,0.338,424,618,0.686,279,951,321,189,61,478,607,2009-2010
193,Niagara,33,18,15,0.545,0.32,-2.5,9,9,8,3,6,8,2382,2289,1340,812,1990,0.408,254,791,0.321,504,743,0.678,429,1226,440,270,148,406,620,2009-2010
194,Nicholls State,30,11,19,0.367,-10.99,-2.61,7,9,9,2,2,12,1967,2114,1215,667,1530,0.436,202,609,0.332,431,624,0.691,266,815,404,258,31,398,640,2009-2010
195,NJIT,31,10,21,0.323,-19.59,-8.24,4,8,8,5,1,15,1905,2070,1240,665,1757,0.378,196,624,0.314,379,584,0.649,344,1064,376,229,96,461,615,2009-2010
196,Norfolk State,30,11,19,0.367,-11.89,-6.42,9,7,6,4,5,11,2119,2260,1220,778,1692,0.46,128,436,0.294,435,684,0.636,349,1119,342,251,96,542,681,2009-2010
197,North Carolina,37,20,17,0.541,10.14,9.83,5,11,14,5,4,8,2758,2661,1491,1012,2292,0.442,176,536,0.328,558,854,0.653,556,1552,577,250,210,562,564,2009-2010
198,North Carolina A&T,33,11,22,0.333,-12.02,-5.66,6,10,7,6,3,15,2241,2376,1325,774,1931,0.401,265,863,0.307,428,686,0.624,403,1224,410,219,164,501,570,2009-2010
199,North Carolina Central,29,7,22,0.241,NA,NA,NA,NA,3,3,0,16,1748,2043,1166,638,1621,0.394,146,450,0.324,326,485,0.672,349,913,368,237,90,485,546,2009-2010
200,North Dakota,31,8,23,0.258,NA,NA,5,7,3,5,2,8,1941,2225,1250,630,1495,0.421,222,626,0.355,459,674,0.681,265,977,357,173,78,505,638,2009-2010
201,North Dakota State,29,11,18,0.379,-8.53,-5.76,8,10,6,8,5,9,2047,2087,1185,734,1707,0.43,144,423,0.34,435,597,0.729,320,1073,410,151,94,382,553,2009-2010
202,North Florida,31,13,18,0.419,-9.53,-2.11,8,12,5,7,5,10,1830,2019,1245,637,1530,0.416,177,517,0.342,379,602,0.63,300,978,375,184,96,481,624,2009-2010
203,North Texas,33,24,9,0.727,-2.49,-4.72,13,5,12,2,9,6,2437,2303,1340,798,1748,0.457,179,538,0.333,662,921,0.719,364,1220,394,144,94,485,590,2009-2010
204,Northeastern,33,20,13,0.606,6.48,2.21,14,4,9,4,8,6,2124,1983,1335,763,1699,0.449,174,510,0.341,424,589,0.72,312,1008,389,236,118,386,520,2009-2010
205,Northern Arizona,28,14,14,0.5,-7.54,-2.35,8,8,8,4,6,10,1965,2003,1145,704,1494,0.471,171,464,0.369,386,573,0.674,257,944,454,190,95,430,550,2009-2010
206,Northern Colorado,33,25,8,0.758,2.06,-4.26,12,4,13,2,9,4,2426,2202,1325,780,1751,0.445,252,651,0.387,614,824,0.745,331,1096,383,239,78,416,658,2009-2010
207,Northern Illinois,30,10,20,0.333,-7.64,-2.05,6,10,7,7,3,13,2017,2158,1211,698,1739,0.401,176,587,0.3,445,689,0.646,423,1150,399,198,105,459,650,2009-2010
208,Northern Iowa,35,30,5,0.857,12.03,4.27,15,3,14,0,9,3,2216,1929,1400,747,1741,0.429,233,659,0.354,489,645,0.758,333,1130,367,198,70,372,556,2009-2010
209,Northwestern,34,20,14,0.588,8.32,4.99,7,11,15,4,2,9,2351,2238,1375,789,1820,0.434,317,887,0.357,456,639,0.714,350,1091,565,221,133,374,651,2009-2010
210,Northwestern State,29,10,19,0.345,-14.98,-4.7,5,11,7,7,3,12,2186,2333,1175,747,1720,0.434,182,524,0.347,510,838,0.609,384,1093,363,229,143,487,678,2009-2010
211,Notre Dame,35,23,12,0.657,13.14,6.22,10,8,17,3,3,6,2635,2393,1415,918,1953,0.47,261,673,0.388,538,744,0.723,402,1250,585,194,104,362,530,2009-2010
212,Oakland,35,26,9,0.743,-0.64,-2.96,17,1,13,1,10,7,2676,2504,1400,920,2053,0.448,206,640,0.322,630,876,0.719,477,1344,461,236,169,485,632,2009-2010
213,Ohio,37,22,15,0.595,4.56,-0.03,7,9,13,4,5,9,2763,2569,1510,925,2153,0.43,278,759,0.366,635,883,0.719,443,1371,524,278,97,473,696,2009-2010
214,Ohio State,37,29,8,0.784,19.49,7.37,14,4,17,1,6,5,2740,2274,1490,983,1999,0.492,276,708,0.39,498,716,0.696,325,1234,545,262,157,413,565,2009-2010
215,Oklahoma,31,13,18,0.419,6.24,7.79,4,12,11,4,1,10,2235,2283,1250,766,1782,0.43,252,721,0.35,451,606,0.744,324,1066,391,180,84,382,505,2009-2010
216,Oklahoma State,33,22,11,0.667,12.34,6.97,9,7,15,1,3,7,2437,2243,1325,839,1861,0.451,274,784,0.349,485,679,0.714,327,1169,413,214,84,418,664,2009-2010
217,Old Dominion,36,27,9,0.75,11.39,1.78,15,3,15,0,9,6,2415,2069,1445,922,2061,0.447,166,523,0.317,405,625,0.648,540,1394,554,282,105,457,560,2009-2010
218,Oral Roberts,33,20,13,0.606,-0.88,-3.85,13,5,10,3,8,8,2313,2182,1335,826,1865,0.443,153,484,0.316,508,745,0.682,406,1272,396,205,149,450,595,2009-2010
219,Oregon,32,16,16,0.5,4,5.96,7,11,11,8,4,7,2237,2247,1300,803,1869,0.43,185,545,0.339,446,624,0.715,395,1094,355,220,94,408,606,2009-2010
220,Oregon State,32,14,18,0.438,3.76,5.79,8,10,9,7,4,9,1929,1989,1280,670,1556,0.431,140,475,0.295,449,665,0.675,321,1019,365,261,63,479,528,2009-2010
221,Pacific,35,23,12,0.657,2.9,-1.19,12,4,11,4,12,7,2297,2133,1410,820,1862,0.44,226,657,0.344,431,662,0.651,381,1215,435,192,87,393,605,2009-2010
222,Penn State,31,11,20,0.355,6.58,6.32,3,15,7,9,3,8,2013,2005,1245,711,1632,0.436,208,607,0.343,383,542,0.707,301,1055,410,143,54,360,503,2009-2010
223,Pennsylvania,28,6,22,0.214,-13.31,-3.31,5,9,3,10,3,12,1751,2031,1130,596,1440,0.414,183,577,0.317,376,502,0.749,263,853,376,147,54,420,535,2009-2010
224,Pepperdine,31,7,24,0.226,-8.44,0.94,3,11,5,11,0,12,2044,2316,1255,693,1760,0.394,194,569,0.341,464,659,0.704,394,1122,342,152,75,423,599,2009-2010
225,Pittsburgh,34,25,9,0.735,14.3,7.39,13,5,17,1,5,4,2336,2101,1390,809,1811,0.447,181,526,0.344,537,775,0.693,420,1269,536,177,139,421,594,2009-2010
226,Portland,32,21,11,0.656,6.35,2.04,10,4,13,2,5,7,2306,2117,1290,798,1720,0.464,253,622,0.407,457,622,0.735,340,1068,472,207,53,420,504,2009-2010
227,Portland State,32,13,19,0.406,-3.49,-1.21,7,9,8,4,5,12,2496,2536,1295,888,1862,0.477,258,690,0.374,462,644,0.717,356,1019,424,201,127,431,596,2009-2010
228,Prairie View,30,16,14,0.533,-15.79,-12.11,11,7,11,3,5,10,1930,1865,1210,682,1723,0.396,180,605,0.298,386,629,0.614,364,1128,392,240,124,427,527,2009-2010
229,Presbyterian,31,5,26,0.161,NA,NA,2,16,2,7,1,18,1873,2267,1265,694,1631,0.426,172,522,0.33,313,450,0.696,239,926,345,178,70,482,504,2009-2010
230,Princeton,31,22,9,0.71,-0.02,-5.56,11,3,11,3,11,6,1871,1652,1250,660,1497,0.441,204,568,0.359,347,483,0.718,275,951,363,238,101,407,523,2009-2010
231,Providence,31,12,19,0.387,7.04,8.24,4,14,8,9,4,9,2554,2547,1245,913,2104,0.434,249,754,0.33,479,714,0.671,535,1253,443,248,136,394,615,2009-2010
232,Purdue,35,29,6,0.829,17.52,8.81,14,4,14,2,8,2,2467,2144,1405,867,1957,0.443,187,588,0.318,546,755,0.723,351,1170,493,248,162,381,651,2009-2010
233,Purdue Fort Wayne,31,16,15,0.516,-9.42,-4.73,9,9,10,4,5,10,2129,2112,1255,747,1790,0.417,221,583,0.379,414,595,0.696,335,1103,376,183,145,398,592,2009-2010
234,Quinnipiac,33,23,10,0.697,-3.5,-9.37,15,3,14,1,8,9,2415,2194,1320,862,1926,0.448,133,392,0.339,558,774,0.721,482,1333,443,232,71,452,627,2009-2010
235,Radford,31,19,12,0.613,-6.42,-6.9,13,5,13,3,6,8,2217,2127,1255,819,1847,0.443,138,460,0.3,441,744,0.593,442,1340,503,182,115,467,495,2009-2010
236,Rhode Island,36,26,10,0.722,9.16,3.33,9,7,15,2,9,6,2737,2528,1450,991,2227,0.445,235,705,0.333,520,745,0.698,477,1258,533,294,182,394,595,2009-2010
237,Rice,31,8,23,0.258,-5.72,1.15,1,15,7,10,1,13,1983,2161,1245,703,1739,0.404,164,532,0.308,413,638,0.647,382,1097,369,229,82,436,615,2009-2010
238,Richmond,35,26,9,0.743,10.03,3.43,13,3,14,1,7,6,2427,2196,1430,868,1943,0.447,250,704,0.355,441,630,0.7,304,1139,442,289,158,384,634,2009-2010
239,Rider,33,17,16,0.515,-3.71,-1.68,9,9,7,6,8,9,2295,2362,1335,811,1914,0.424,218,646,0.337,455,661,0.688,345,1150,411,225,101,425,582,2009-2010
240,Robert Morris,35,23,12,0.657,-3.71,-6.15,15,3,12,3,10,7,2399,2306,1405,815,1868,0.436,197,546,0.361,572,859,0.666,412,1227,433,267,80,520,757,2009-2010
241,Rutgers,32,15,17,0.469,1.29,5.91,5,13,13,6,1,9,2160,2295,1285,767,1810,0.424,211,635,0.332,415,623,0.666,381,1146,438,186,227,466,517,2009-2010
242,Sacramento State,30,9,21,0.3,-12.41,-2.65,3,13,5,8,4,12,1935,2140,1200,671,1632,0.411,176,507,0.347,417,583,0.715,266,970,385,216,85,412,563,2009-2010
243,Sacred Heart,29,14,15,0.483,-11.39,-8.72,7,11,9,4,4,11,2087,2123,1165,770,1743,0.442,252,635,0.397,295,477,0.618,389,1077,426,201,101,462,550,2009-2010
244,Saint Francis (PA),30,11,19,0.367,-15.87,-7.08,9,9,9,5,2,14,1875,2104,1205,633,1523,0.416,203,551,0.368,406,555,0.732,299,922,386,174,76,476,603,2009-2010
245,Saint Joseph's,31,11,20,0.355,-2.13,3.97,5,11,8,5,2,12,2141,2330,1250,731,1775,0.412,191,637,0.3,488,687,0.71,299,1001,406,226,108,407,553,2009-2010
246,Saint Louis,36,23,13,0.639,5.46,2.55,11,5,18,4,5,6,2283,2168,1480,826,1882,0.439,215,674,0.319,416,672,0.619,333,1206,454,204,169,478,615,2009-2010
247,Saint Mary's (CA),34,28,6,0.824,13.38,2.2,11,3,14,2,9,2,2668,2258,1365,944,1950,0.484,284,699,0.406,496,652,0.761,370,1244,543,168,176,394,560,2009-2010
248,Saint Peter's,30,16,14,0.533,-2.73,-4.57,11,7,7,7,9,6,1863,1808,1220,661,1660,0.398,152,479,0.317,389,586,0.664,428,1169,311,227,132,489,591,2009-2010
249,Sam Houston,33,25,8,0.758,3.71,-3.37,14,2,13,1,7,6,2616,2284,1330,909,1963,0.463,287,775,0.37,511,727,0.703,410,1247,673,257,85,442,661,2009-2010
250,Samford,31,11,20,0.355,-7.32,-2.54,5,13,7,7,4,10,1789,1881,1240,620,1365,0.454,247,696,0.355,302,453,0.667,192,867,405,162,53,399,443,2009-2010
251,San Diego,32,11,21,0.344,-2.6,1.98,3,11,5,9,3,8,1996,2119,1290,680,1652,0.412,220,616,0.357,416,584,0.712,298,972,367,213,96,429,585,2009-2010
252,San Diego State,34,25,9,0.735,11.34,4.21,11,5,14,1,9,7,2389,2101,1375,875,1846,0.474,179,564,0.317,460,741,0.621,444,1257,458,251,156,453,552,2009-2010
253,San Francisco,30,12,18,0.4,-3.48,2.82,7,7,9,4,3,10,2116,2186,1225,723,1618,0.447,171,483,0.354,499,727,0.686,329,1076,369,161,59,441,544,2009-2010
254,San Jose State,31,14,17,0.452,-2.06,0.83,6,10,10,4,4,12,2289,2342,1245,796,1748,0.455,202,509,0.397,495,680,0.728,358,1090,416,145,81,392,521,2009-2010
255,Santa Clara,32,11,21,0.344,-5.84,1.66,3,11,6,12,5,8,2049,2225,1285,696,1692,0.411,149,498,0.299,508,743,0.684,376,1091,316,232,121,493,634,2009-2010
256,Savannah State,26,11,15,0.423,-12.9,-5.75,NA,NA,8,3,2,11,1528,1604,1045,564,1329,0.424,112,370,0.303,288,443,0.65,292,852,303,194,74,418,476,2009-2010
257,Seattle,31,17,14,0.548,NA,NA,NA,NA,9,3,6,10,2489,2488,1245,881,1987,0.443,164,492,0.333,563,872,0.646,465,1244,376,288,59,549,727,2009-2010
258,Seton Hall,32,19,13,0.594,10.43,5.78,9,9,13,5,5,6,2563,2414,1300,938,2107,0.445,209,627,0.333,478,701,0.682,456,1240,487,236,168,342,602,2009-2010
259,Siena,34,27,7,0.794,8.48,-1.17,17,1,17,0,9,5,2554,2226,1370,930,2048,0.454,160,498,0.321,534,793,0.673,442,1310,486,298,119,418,471,2009-2010
260,South Alabama,32,17,15,0.531,-7.72,-3.82,8,10,9,6,6,8,2124,2177,1300,739,1771,0.417,160,464,0.345,486,685,0.709,395,1163,374,193,114,462,588,2009-2010
261,South Carolina,31,15,16,0.484,8.26,7.29,6,10,11,5,2,9,2227,2197,1240,820,1961,0.418,216,675,0.32,371,571,0.65,411,1078,306,269,188,382,549,2009-2010
262,South Carolina State,32,18,14,0.563,-9.31,-8.65,10,6,10,3,6,10,2224,2225,1290,784,1766,0.444,162,529,0.306,494,675,0.732,367,1110,423,224,92,497,602,2009-2010
263,South Carolina Upstate,29,6,23,0.207,NA,NA,6,14,3,8,2,14,1741,1966,1165,616,1519,0.406,158,472,0.335,351,539,0.651,331,1011,365,202,141,481,528,2009-2010
264,South Dakota,32,22,10,0.688,NA,NA,11,1,5,2,3,7,2543,2346,1285,886,1865,0.475,244,652,0.374,527,794,0.664,297,1210,536,222,163,463,447,2009-2010
265,South Dakota State,30,14,16,0.467,-6.05,-5.05,10,8,9,5,5,7,2227,2197,1210,721,1710,0.422,212,574,0.369,573,769,0.745,363,1061,351,166,67,364,554,2009-2010
266,South Florida,33,20,13,0.606,8.72,7.21,9,9,11,5,4,6,2226,2176,1330,775,1757,0.441,133,470,0.283,543,796,0.682,384,1170,392,205,117,415,563,2009-2010
267,Southeast Missouri State,30,7,23,0.233,-14.49,-3.06,3,15,4,10,2,12,1927,2172,1221,662,1621,0.408,175,498,0.351,428,656,0.652,334,1026,335,178,73,465,654,2009-2010
268,Southeastern Louisiana,31,19,12,0.613,-3.97,-6.21,10,6,14,1,4,9,2255,2074,1250,795,1667,0.477,209,539,0.388,456,648,0.704,288,1042,442,231,178,460,614,2009-2010
269,Southern,30,5,25,0.167,-23.96,-10.96,3,15,4,8,1,14,1802,2173,1200,647,1675,0.386,140,512,0.273,368,616,0.597,330,1025,363,177,114,489,502,2009-2010
270,Southern California,30,16,14,0.533,8.93,6.47,8,10,11,5,2,9,1789,1715,1210,662,1551,0.427,107,360,0.297,358,550,0.651,331,1047,282,171,132,434,531,2009-2010
271,Southern Illinois,30,15,15,0.5,3.44,1.27,6,12,10,5,3,9,2104,2026,1210,740,1614,0.458,204,563,0.362,420,608,0.691,300,978,411,192,83,405,629,2009-2010
272,SIU Edwardsville,28,5,23,0.179,NA,NA,NA,NA,0,7,1,13,1739,2122,1120,612,1565,0.391,168,534,0.315,347,494,0.702,258,914,337,146,69,409,555,2009-2010
273,Southern Methodist,31,14,17,0.452,2.39,3.78,7,9,10,7,4,6,2053,1998,1240,710,1554,0.457,183,521,0.351,450,643,0.7,315,1032,333,176,76,425,518,2009-2010
274,Southern Mississippi,34,20,14,0.588,4.21,2.25,8,8,11,3,6,8,2200,2034,1360,758,1821,0.416,155,478,0.324,529,733,0.722,444,1285,326,179,121,432,614,2009-2010
275,Southern Utah,29,7,22,0.241,-17.42,-4.75,3,15,6,8,0,13,1861,2125,1175,660,1498,0.441,130,368,0.353,411,566,0.726,294,1012,340,165,112,528,585,2009-2010
276,St. Bonaventure,31,15,16,0.484,1.29,1.96,7,9,10,4,3,10,2173,2182,1240,803,1734,0.463,161,474,0.34,406,614,0.661,349,1099,458,180,119,446,598,2009-2010
277,St. Francis (NY),29,11,18,0.379,-13.83,-8.42,8,10,5,8,6,10,1753,1884,1180,610,1525,0.4,190,609,0.312,343,558,0.615,324,944,344,232,87,449,545,2009-2010
278,St. John's (NY),33,17,16,0.515,9.23,8.7,6,12,10,8,4,8,2251,2190,1340,817,1927,0.424,190,568,0.335,397,609,0.652,432,1219,432,222,124,409,607,2009-2010
279,Stanford,32,14,18,0.438,5.71,6.5,7,11,10,6,2,10,2212,2237,1285,779,1796,0.434,210,594,0.354,444,669,0.664,337,1081,419,172,54,388,561,2009-2010
280,Stephen F. Austin,32,23,9,0.719,-2.42,-6.9,11,5,13,2,6,6,2126,1914,1285,779,1703,0.457,135,383,0.352,433,611,0.709,378,1085,429,216,69,413,565,2009-2010
281,Stetson,29,7,22,0.241,-17.62,-2.14,5,15,5,9,2,13,1744,2097,1160,614,1581,0.388,200,648,0.309,316,517,0.611,294,898,323,186,74,423,566,2009-2010
282,Stony Brook,32,22,10,0.688,-3.64,-7.64,13,3,12,2,9,7,2205,2047,1280,776,1804,0.43,194,550,0.353,459,663,0.692,373,1164,371,229,62,404,571,2009-2010
283,Syracuse,35,30,5,0.857,21.72,7.21,15,3,17,2,8,1,2832,2324,1400,1042,2021,0.516,244,624,0.391,504,745,0.677,417,1337,673,336,221,532,515,2009-2010
284,TCU,32,13,19,0.406,-0.25,4.15,5,11,9,8,3,10,2169,2269,1295,759,1707,0.445,248,704,0.352,403,576,0.7,297,1021,441,169,61,449,612,2009-2010
285,Temple,35,29,6,0.829,12.44,4.27,14,2,14,2,12,3,2273,1987,1410,851,1942,0.438,204,605,0.337,367,533,0.689,377,1281,515,163,104,358,521,2009-2010
286,Tennessee,37,28,9,0.757,16.05,7.75,11,5,15,1,5,5,2720,2413,1485,991,2174,0.456,218,681,0.32,520,775,0.671,441,1353,530,290,136,490,733,2009-2010
287,Tennessee State,32,9,23,0.281,-9.57,-2.69,6,12,5,6,3,16,2154,2374,1305,750,1844,0.407,258,693,0.372,396,562,0.705,392,1063,397,254,76,511,631,2009-2010
288,Tennessee Tech,32,15,17,0.469,-9.58,-2.51,8,10,9,5,6,11,2375,2474,1315,845,1801,0.469,186,486,0.383,499,720,0.693,383,1105,423,201,75,481,696,2009-2010
289,Tennessee-Martin,29,4,25,0.138,-17.46,-2.06,1,17,4,9,0,16,1860,2215,1160,639,1677,0.381,151,485,0.311,431,642,0.671,381,1041,313,205,97,454,558,2009-2010
290,Texas,34,24,10,0.706,18.56,7.38,9,7,15,2,5,6,2761,2381,1375,1005,2158,0.466,195,566,0.345,556,878,0.633,503,1425,489,269,194,464,670,2009-2010
291,Texas A&M,34,24,10,0.706,15.24,9.8,11,5,15,1,5,5,2426,2192,1370,813,1846,0.44,210,626,0.335,590,892,0.661,400,1252,417,223,113,417,619,2009-2010
292,Texas A&M-Corpus Christi,32,17,15,0.531,-2.05,-2.83,10,6,10,2,5,11,2184,2119,1290,770,1681,0.458,164,533,0.308,480,723,0.664,389,1161,422,250,122,556,584,2009-2010
293,Texas Southern,33,17,16,0.515,-11.12,-11.38,11,7,8,3,5,11,2241,2167,1330,822,1765,0.466,140,461,0.304,457,722,0.633,362,1104,402,341,122,574,690,2009-2010
294,Texas State,31,15,16,0.484,-7.38,-3.3,9,7,11,3,4,10,2392,2413,1270,793,1902,0.417,214,644,0.332,592,886,0.668,466,1226,449,285,96,556,773,2009-2010
295,Texas Tech,35,19,16,0.543,7.97,8.47,4,12,14,5,4,10,2684,2662,1430,922,2103,0.438,196,528,0.371,644,901,0.715,422,1298,502,239,153,481,748,2009-2010
296,Texas-Rio Grande Valley,33,6,27,0.182,-17.31,-4.47,4,8,3,7,2,18,2019,2382,1340,693,1781,0.389,211,669,0.315,422,655,0.644,292,1005,379,218,48,473,668,2009-2010
297,The Citadel,32,16,16,0.5,-3.44,-2.94,9,9,8,6,5,8,1950,1914,1285,687,1669,0.412,229,647,0.354,347,480,0.723,312,1023,350,165,48,343,488,2009-2010
298,Toledo,32,4,28,0.125,-14.39,-0.77,1,15,4,11,0,15,1734,2137,1285,645,1572,0.41,168,503,0.334,276,440,0.627,278,984,346,137,59,464,562,2009-2010
299,Towson,31,10,21,0.323,-8.46,-0.75,6,12,6,9,3,11,2124,2363,1250,751,1796,0.418,196,565,0.347,426,638,0.668,370,1063,391,195,151,396,524,2009-2010
300,Troy,33,20,13,0.606,-3.04,-2.31,13,5,10,2,6,10,2467,2378,1325,932,1977,0.471,240,655,0.366,363,558,0.651,374,1192,421,229,115,402,531,2009-2010
301,Tulane,30,8,22,0.267,-3.2,1.5,3,13,5,10,2,9,1864,2005,1205,636,1603,0.397,168,518,0.324,424,612,0.693,316,925,328,231,84,412,610,2009-2010
302,Tulsa,35,23,12,0.657,8.46,2.84,10,6,18,2,5,7,2500,2284,1400,852,1871,0.455,173,489,0.354,623,881,0.707,396,1336,438,156,195,461,617,2009-2010
303,UAB,34,25,9,0.735,9.46,2.9,11,5,14,4,9,4,2276,2053,1370,763,1806,0.422,177,569,0.311,573,826,0.694,420,1248,390,223,91,451,611,2009-2010
304,UC Davis,32,14,18,0.438,-6.23,-3.01,8,8,8,5,4,11,2225,2262,1285,751,1700,0.442,210,589,0.357,513,729,0.704,296,1015,446,247,90,482,641,2009-2010
305,UC Irvine,32,14,18,0.438,-7.49,-3.75,6,10,10,5,3,11,2162,2228,1285,749,1772,0.423,188,543,0.346,476,658,0.723,352,1060,419,181,89,367,603,2009-2010
306,UC Riverside,29,12,17,0.414,-6.99,-2.61,5,11,8,6,4,11,1833,1859,1175,643,1546,0.416,153,433,0.353,394,608,0.648,362,1063,353,149,67,377,532,2009-2010
307,UC Santa Barbara,30,20,10,0.667,-0.13,-1.09,12,4,11,2,6,7,2028,1972,1205,674,1522,0.443,205,544,0.377,475,698,0.681,268,984,414,202,92,460,572,2009-2010
308,UCF,32,15,17,0.469,-0.03,2.19,6,10,9,6,3,9,2133,2184,1295,758,1716,0.442,178,526,0.338,439,644,0.682,356,1052,474,248,95,457,599,2009-2010
309,UCLA,32,14,18,0.438,5.7,7.86,8,10,10,6,3,7,2139,2195,1300,784,1666,0.471,186,573,0.325,385,609,0.632,305,1018,489,206,135,460,512,2009-2010
310,UNC Asheville,31,15,16,0.484,-14.36,-6.47,11,7,11,5,4,10,2296,2401,1255,822,1852,0.444,169,557,0.303,483,717,0.674,405,1229,507,232,177,521,603,2009-2010
311,UNC Greensboro,31,8,23,0.258,-8.24,0.63,6,12,4,11,3,11,1966,2226,1240,696,1803,0.386,148,515,0.287,426,610,0.698,440,1120,286,186,97,444,593,2009-2010
312,UNC Wilmington,31,9,22,0.29,-4.35,0.94,5,13,4,9,4,10,2051,2215,1240,722,1741,0.415,207,620,0.334,400,620,0.645,391,1135,393,159,151,492,633,2009-2010
313,UT Arlington,30,16,14,0.533,-8.06,-3.97,8,8,11,5,4,7,2216,2205,1220,745,1739,0.428,196,591,0.332,530,770,0.688,367,1082,364,208,108,452,705,2009-2010
314,Utah,31,14,17,0.452,4.29,4.16,7,9,9,8,4,8,2059,2058,1250,692,1618,0.428,185,580,0.319,490,655,0.748,284,1052,361,172,186,423,639,2009-2010
315,Utah State,35,27,8,0.771,13.62,1.23,14,2,17,1,8,5,2559,2097,1405,941,1928,0.488,242,585,0.414,435,574,0.758,362,1238,584,162,123,358,562,2009-2010
316,Utah Valley,30,12,18,0.4,-16.18,-9.25,5,7,11,4,0,12,1906,1954,1206,650,1575,0.413,178,502,0.355,428,572,0.748,288,994,362,184,64,403,531,2009-2010
317,UTEP,33,26,7,0.788,12.66,1.96,15,1,15,2,8,2,2484,2131,1335,891,1879,0.474,201,586,0.343,501,744,0.673,323,1193,488,288,120,435,643,2009-2010
318,UTSA,30,19,11,0.633,-2.9,-5.44,9,7,11,3,6,7,2121,1983,1210,740,1683,0.44,190,523,0.363,451,593,0.761,342,1029,352,199,50,347,499,2009-2010
319,Valparaiso,32,15,17,0.469,-2.9,0.34,10,8,9,4,5,12,2344,2378,1280,823,1764,0.467,245,665,0.368,453,636,0.712,328,1037,479,227,71,439,644,2009-2010
320,Vanderbilt,33,24,9,0.727,15.24,7.86,12,4,14,2,7,3,2537,2274,1325,859,1829,0.47,203,552,0.368,616,854,0.721,361,1197,436,188,171,448,632,2009-2010
321,Vermont,35,25,10,0.714,-1.26,-6.69,12,4,10,2,12,6,2457,2267,1405,826,1884,0.438,166,524,0.317,639,930,0.687,433,1291,423,239,141,487,635,2009-2010
322,Villanova,33,25,8,0.758,16.72,7.75,13,5,12,2,6,4,2700,2404,1330,899,1962,0.458,252,676,0.373,650,861,0.755,441,1272,448,259,133,452,731,2009-2010
323,Virginia,31,15,16,0.484,8.8,6.93,5,11,11,6,2,8,2029,1971,1250,733,1720,0.426,177,507,0.349,386,516,0.748,318,1053,403,190,81,333,510,2009-2010
324,Virginia Commonwealth,36,27,9,0.75,10.23,0.64,11,7,20,2,7,7,2737,2392,1450,979,2117,0.462,253,691,0.366,526,747,0.704,462,1331,536,318,148,443,626,2009-2010
325,VMI,29,10,19,0.345,-19.91,-7.21,5,13,8,6,2,13,2569,2799,1165,883,2120,0.417,335,1026,0.327,468,687,0.681,384,1075,422,301,144,426,594,2009-2010
326,Virginia Tech,34,25,9,0.735,11.65,5.13,10,6,17,2,6,6,2473,2215,1385,851,1994,0.427,157,511,0.307,614,856,0.717,443,1278,414,237,158,419,637,2009-2010
327,Wagner,31,5,26,0.161,-18.05,-8.78,3,15,2,11,2,14,1884,2164,1250,679,1680,0.404,234,678,0.345,292,472,0.619,328,1026,385,203,113,518,589,2009-2010
328,Wake Forest,31,20,11,0.645,11.45,8.85,9,7,13,2,5,7,2257,2155,1270,811,1869,0.434,134,435,0.308,501,762,0.657,463,1306,369,221,162,471,624,2009-2010
329,Washington,36,26,10,0.722,15.64,7.49,11,7,17,2,4,6,2851,2519,1445,1004,2212,0.454,191,568,0.336,652,905,0.72,476,1364,515,264,151,460,766,2009-2010
330,Washington State,31,16,15,0.516,5.31,4.65,6,12,8,5,4,9,2229,2190,1260,753,1677,0.449,175,502,0.349,548,777,0.705,371,1073,397,190,140,431,540,2009-2010
331,Weber State,31,20,11,0.645,3.71,-1.04,13,3,13,2,5,9,2361,2202,1255,787,1768,0.445,250,703,0.356,537,737,0.729,362,1116,401,200,93,387,607,2009-2010
332,West Virginia,38,31,7,0.816,19.16,10.26,13,5,12,2,7,4,2752,2414,1545,942,2190,0.43,257,762,0.337,611,868,0.704,585,1467,589,213,155,451,686,2009-2010
333,Western Carolina,34,22,12,0.647,-1.24,-2.91,11,7,14,2,7,9,2525,2352,1360,907,2022,0.449,274,753,0.364,437,682,0.641,441,1197,459,321,99,472,757,2009-2010
334,Western Illinois,30,13,17,0.433,-11.84,-5.84,6,12,8,7,5,9,1771,1804,1205,609,1489,0.409,153,437,0.35,400,588,0.68,274,968,317,198,128,383,555,2009-2010
335,Western Kentucky,34,21,13,0.618,2.32,-2.18,12,6,12,4,5,8,2422,2269,1380,862,1900,0.454,225,663,0.339,473,672,0.704,393,1192,432,218,100,441,580,2009-2010
336,Western Michigan,33,18,15,0.545,0.43,-1.17,8,8,12,3,3,10,2287,2195,1320,778,1813,0.429,190,590,0.322,541,739,0.732,423,1214,413,231,89,449,623,2009-2010
337,Wichita State,35,25,10,0.714,8.06,1.73,12,6,17,1,5,7,2427,2162,1405,837,1873,0.447,228,638,0.357,525,704,0.746,393,1208,498,237,104,458,691,2009-2010
338,William & Mary,33,22,11,0.667,2.82,1.63,12,6,10,3,10,7,2213,2129,1340,735,1732,0.424,295,841,0.351,448,640,0.7,335,1134,463,177,84,357,536,2009-2010
339,Winston-Salem,29,12,17,0.414,NA,NA,NA,NA,4,5,4,10,1806,2005,1160,648,1624,0.399,149,503,0.296,361,615,0.587,393,1066,330,195,97,503,546,2009-2010
340,Winthrop,33,19,14,0.576,-8.68,-7.31,12,6,12,2,6,11,2042,2025,1330,735,1934,0.38,124,500,0.248,448,696,0.644,450,1276,346,283,135,402,622,2009-2010
341,Wisconsin,33,24,9,0.727,17.84,7.66,13,5,16,1,5,5,2214,1878,1330,776,1750,0.443,246,690,0.357,416,568,0.732,320,1056,412,187,113,289,537,2009-2010
342,Wofford,35,26,9,0.743,4.43,-2.57,15,3,11,1,10,6,2408,2134,1405,825,1873,0.44,203,580,0.35,555,830,0.669,402,1243,469,242,74,416,621,2009-2010
343,Wright State,32,20,12,0.625,6.81,0.16,12,6,12,1,5,11,2163,1950,1285,750,1692,0.443,240,656,0.366,423,577,0.733,324,964,433,190,63,375,605,2009-2010
344,Wyoming,31,10,21,0.323,-4.58,3.63,3,13,9,9,0,11,2190,2309,1245,734,1674,0.438,140,525,0.267,582,864,0.674,313,1047,346,241,132,479,634,2009-2010
345,Xavier,35,26,9,0.743,16.23,5.94,14,2,15,0,7,5,2793,2433,1445,961,2082,0.462,250,664,0.377,621,873,0.711,444,1415,494,235,132,452,662,2009-2010
346,Yale,31,12,19,0.387,-9.94,-5.6,6,8,6,6,4,10,2067,2157,1245,711,1687,0.421,138,466,0.296,507,700,0.724,359,1086,387,212,134,442,572,2009-2010
347,Youngstown State,30,8,22,0.267,-6.41,0.4,2,16,6,9,2,13,2002,2092,1205,697,1656,0.421,153,479,0.319,455,665,0.684,338,986,390,181,110,401,611,2009-2010
